{"cameraMode":{"drawMode":0,"name":"Shaded","section":"Shading Mode"},"sceneLighting":true,"audioPlay":false,"sceneViewState":{"m_AlwaysRefresh":false,"showFog":true,"showSkybox":true,"showFlares":true,"showImageEffects":true,"showParticleSystems":true,"showVisualEffectGraphs":true,"m_FxEnabled":true},"in2DMode":false,"pivot":{"x":119.54545593261719,"y":-197.94476318359376,"z":-270.1799011230469},"rotation":{"x":-0.06381120532751084,"y":-0.03650138899683952,"z":0.0024183541536331178,"w":-0.9973275065422058},"size":589.84423828125,"orthographic":true}