{"cameraMode":{"drawMode":0,"name":"Shaded","section":"Shading Mode"},"sceneLighting":true,"audioPlay":false,"sceneViewState":{"showFog":true,"showMaterialUpdate":false,"showSkybox":true,"showFlares":true,"showImageEffects":true,"showParticleSystems":true},"in2DMode":false,"pivot":{"x":69.24317169189453,"y":-287.4457092285156,"z":-433.036865234375},"rotation":{"x":0.25057169795036318,"y":-0.062395039945840839,"z":0.016185663640499116,"w":0.9659504890441895},"size":77.74693298339844,"orthographic":false}